{
    "name": "root",
    "gauges": {
        "EvaluatorTicTacToeBehavior-1.Policy.Entropy.mean": {
            "value": 1.3544477224349976,
            "min": 1.354447603225708,
            "max": 1.4170376062393188,
            "count": 13
        },
        "EvaluatorTicTacToeBehavior-1.Environment.EpisodeLength.mean": {
            "value": 21.737153251477945,
            "min": 21.28119429590018,
            "max": 22.823741007194243,
            "count": 13
        },
        "EvaluatorTicTacToeBehavior-1.Policy.ExtrinsicValueEstimate.mean": {
            "value": -0.13665327429771423,
            "min": -0.13665327429771423,
            "max": 0.2853665351867676,
            "count": 13
        },
        "EvaluatorTicTacToeBehavior-1.Environment.CumulativeReward.mean": {
            "value": -0.318256025428309,
            "min": -0.318256025428309,
            "max": 0.33538491534709985,
            "count": 13
        },
        "EvaluatorTicTacToeBehavior-1.Policy.ExtrinsicReward.mean": {
            "value": -0.318256025428309,
            "min": -0.318256025428309,
            "max": 0.33538491534709985,
            "count": 13
        },
        "EvaluatorTicTacToeBehavior-1.Losses.ValueLoss.mean": {
            "value": 0.28010183572769165,
            "min": 0.23139448463916779,
            "max": 0.28010183572769165,
            "count": 10
        },
        "EvaluatorTicTacToeBehavior-1.Losses.PolicyLoss.mean": {
            "value": 0.024235129356384277,
            "min": 0.02204235829412937,
            "max": 0.026987170800566673,
            "count": 10
        },
        "EvaluatorTicTacToeBehavior-1.Policy.LearningRate.mean": {
            "value": 1.738425635267049e-05,
            "min": 1.738425635267049e-05,
            "max": 0.00027576659340411425,
            "count": 10
        },
        "EvaluatorTicTacToeBehavior-1.Policy.Epsilon.mean": {
            "value": 0.10579471290111542,
            "min": 0.10579471290111542,
            "max": 0.19192220270633698,
            "count": 10
        },
        "EvaluatorTicTacToeBehavior-1.Policy.Beta.mean": {
            "value": 0.00029915652703493834,
            "min": 0.00029915652703493834,
            "max": 0.004596917890012264,
            "count": 10
        },
        "EvaluatorTicTacToeBehavior-1.IsTraining.mean": {
            "value": 0.0,
            "min": 0.0,
            "max": 1.0,
            "count": 13
        },
        "EvaluatorTicTacToeBehavior+1.Policy.Entropy.mean": {
            "value": 1.3225412368774414,
            "min": 1.3225412368774414,
            "max": 1.4141825437545776,
            "count": 10
        },
        "EvaluatorTicTacToeBehavior+1.Environment.EpisodeLength.mean": {
            "value": 17.012972972972975,
            "min": 15.475123558484349,
            "max": 17.59177888022679,
            "count": 10
        },
        "EvaluatorTicTacToeBehavior+1.Policy.ExtrinsicValueEstimate.mean": {
            "value": 0.007835916243493557,
            "min": -0.5704894661903381,
            "max": 0.007835916243493557,
            "count": 10
        },
        "EvaluatorTicTacToeBehavior+1.Environment.CumulativeReward.mean": {
            "value": -0.029043693655917236,
            "min": -0.6814794069079335,
            "max": -0.029043693655917236,
            "count": 10
        },
        "EvaluatorTicTacToeBehavior+1.Policy.ExtrinsicReward.mean": {
            "value": -0.029043693655917236,
            "min": -0.6814794069079335,
            "max": -0.029043693655917236,
            "count": 10
        },
        "EvaluatorTicTacToeBehavior+1.Losses.ValueLoss.mean": {
            "value": 0.303023099899292,
            "min": 0.2950260043144226,
            "max": 0.3429436683654785,
            "count": 10
        },
        "EvaluatorTicTacToeBehavior+1.Losses.PolicyLoss.mean": {
            "value": 0.025222595781087875,
            "min": 0.019208159297704697,
            "max": 0.026578843593597412,
            "count": 10
        },
        "EvaluatorTicTacToeBehavior+1.Policy.LearningRate.mean": {
            "value": 1.5139297829591669e-05,
            "min": 1.5139297829591669e-05,
            "max": 0.0002765088283922523,
            "count": 10
        },
        "EvaluatorTicTacToeBehavior+1.Policy.Epsilon.mean": {
            "value": 0.10504640638828278,
            "min": 0.10504640638828278,
            "max": 0.19216962158679962,
            "count": 10
        },
        "EvaluatorTicTacToeBehavior+1.Policy.Beta.mean": {
            "value": 0.0002618153812363744,
            "min": 0.0002618153812363744,
            "max": 0.004609263502061367,
            "count": 10
        },
        "EvaluatorTicTacToeBehavior+1.IsTraining.mean": {
            "value": 1.0,
            "min": 1.0,
            "max": 1.0,
            "count": 10
        }
    },
    "metadata": {
        "timer_format_version": "0.1.0",
        "start_time_seconds": "1595782371",
        "python_version": "3.8.5 (tags/v3.8.5:580fbb0, Jul 20 2020, 15:57:54) [MSC v.1924 64 bit (AMD64)]",
        "command_line_arguments": "C:\\python-envs\\mlagents-env\\Scripts\\mlagents-learn C:\\Github\\BoardGameAI\\Four\\Assets\\ML-Agents\\Basic.yaml --run-id=Symetry --resume",
        "mlagents_version": "0.18.0",
        "mlagents_envs_version": "0.18.0",
        "communication_protocol_version": "1.0.0",
        "tensorflow_version": "2.2.0",
        "end_time_seconds": "1595801866"
    },
    "total": 19494.4864084,
    "count": 1,
    "self": 1.3185060000032536,
    "children": {
        "run_training.setup": {
            "total": 0.02574349999999992,
            "count": 1,
            "self": 0.02574349999999992
        },
        "TrainerController.start_learning": {
            "total": 19493.1421589,
            "count": 1,
            "self": 578.3101995012694,
            "children": {
                "TrainerController._reset_env": {
                    "total": 15.361985299999999,
                    "count": 1,
                    "self": 15.361985299999999
                },
                "TrainerController.advance": {
                    "total": 18895.343149798733,
                    "count": 1097633,
                    "self": 25.667158698804997,
                    "children": {
                        "env_step": {
                            "total": 18869.675991099928,
                            "count": 1097633,
                            "self": 17557.070449301933,
                            "children": {
                                "SubprocessEnvManager._take_step": {
                                    "total": 1286.290493100455,
                                    "count": 1097633,
                                    "self": 66.66387870042036,
                                    "children": {
                                        "NNPolicy.evaluate": {
                                            "total": 1219.6266144000347,
                                            "count": 1097633,
                                            "self": 1219.6266144000347
                                        }
                                    }
                                },
                                "workers": {
                                    "total": 26.315048697540476,
                                    "count": 1097633,
                                    "self": 0.0,
                                    "children": {
                                        "worker_root": {
                                            "total": 19410.837000001673,
                                            "count": 1097633,
                                            "is_parallel": true,
                                            "self": 4222.62331230179,