{
    "name": "root",
    "metadata": {
        "timer_format_version": "0.1.0",
        "start_time_seconds": "1596703447",
        "python_version": "3.8.5 (tags/v3.8.5:580fbb0, Jul 20 2020, 15:57:54) [MSC v.1924 64 bit (AMD64)]",
        "command_line_arguments": "C:\\python-envs\\mlagents-env\\Scripts\\mlagents-learn C:\\Github\\BoardGameAI\\Four\\Assets\\ML-Agents\\TicTacToeBehaviour.yaml --run-id=TrainingActionPickerSelfPlay1832-1",
        "mlagents_version": "0.18.0",
        "mlagents_envs_version": "0.18.0",
        "communication_protocol_version": "1.0.0",
        "tensorflow_version": "2.2.0",
        "end_time_seconds": "1596791544"
    },
    "total": 88103.8359792,
    "count": 1,
    "self": 0.007482699991669506,
    "children": {
        "run_training.setup": {
            "total": 0.024096500000000187,
            "count": 1,
            "self": 0.024096500000000187
        },
        "TrainerController.start_learning": {
            "total": 88103.80440000001,
            "count": 1,
            "self": 5327.691821807093,
            "children": {
                "TrainerController._reset_env": {
                    "total": 11.117067699932639,
                    "count": 626,
                    "self": 11.117067699932639
                },
                "TrainerController.advance": {
                    "total": 82761.84114879298,
                    "count": 14074243,
                    "self": 156.65217526808556,
                    "children": {
                        "env_step": {
                            "total": 82605.1889735249,
                            "count": 14074243,
                            "self": 70992.55902693802,
                            "children": {
                                "SubprocessEnvManager._take_step": {
                                    "total": 11437.44791268795,
                                    "count": 14074243,
                                    "self": 405.06393351523,
                                    "children": {
                                        "NNPolicy.evaluate": {
                                            "total": 11032.38397917272,
                                            "count": 14074243,
                                            "self": 11032.38397917272
                                        }
                                    }
                                },
                                "workers": {
                                    "total": 175.1820338989349,
                                    "count": 14074242,
                                    "self": 0.0,
                                    "children": {
                                        "worker_root": {
                                            "total": 87656.37538248632,
                                            "count": 14074242,
                                            "is_parallel": true,
                                            "self": 36888.884342176425,
                                            "children": {
                                                "steps_from_proto": {
                                                    "total": 0.1694898001677343,
                                                    "count": 1251,
                                                    "is_parallel": true,
                                                    "self": 0.10806820005611684,
                                                    "children": {
                                                        "_process_vector_observation": {
                                                            "total": 0.06142160011161746,
                                                            "count": 2502,
                                                            "is_parallel": true,
                                                            "self": 0.06142160011161746
                                                        }
                                                    }
                                                },
                                                "UnityEnvironment.step": {
                                                    "total": 50767.32155050973,
                                                    "count": 14074242,
                                                    "is_parallel": true,
                                                    "self": 1131.7926639044017,
                                                    "children": {
                                                        "UnityEnvironment._generate_step_input": {
                                                            "total": 1667.6374151265863,
                                                            "count": 14074242,
                                                            "is_parallel": true,
                                                            "self": 1667.6374151265863
                                                        },
                                                        "communicator.exchange": {
                                                            "total": 43879.407888302856,
                                                            "count": 14074242,
                                                            "is_parallel": true,
                                                            "self": 43879.407888302856
                                                        },
                                                        "steps_from_proto": {
                                                            "total": 4088.4835831758865,
                                                            "count": 28148484,
                                                            "is_parallel": true,
                                                            "self": 2559.575390184572,
                                                            "children": {
                                                                "_process_vector_observation": {
                                                                    "total": 1528.9081929913145,
                                                                    "count": 56296968,
                                                                    "is_parallel": true,
                                                                    "self": 1528.9081929913145
                                                                }
                                                            }
                                                        }
                                                    }
                                                }
                                            }
                                        }
                                    }
                                }
                            }
                        }
                    }
                },
                "TrainerController._save_model": {
                    "total": 3.1543616999988444,
                    "count": 1,
                    "self": 0.00041620001138653606,
                    "children": {
                        "Trainer.save_model": {
                            "total": 3.153945499987458,
                            "count": 2,
                            "self": 3.153945499987458
                        }
                    }
                }
            }
        }
    }
}