{
    "name": "root",
    "gauges": {
        "ThreeAgent-1.Policy.Entropy.mean": {
            "value": 0.21144512295722961,
            "min": 0.21144512295722961,
            "max": 1.2595511674880981,
            "count": 11
        },
        "ThreeAgent-1.Environment.EpisodeLength.mean": {
            "value": 3.3187078942822597,
            "min": 2.8190498014054386,
            "max": 3.970968383376417,
            "count": 11
        },
        "ThreeAgent-1.Policy.ExtrinsicValueEstimate.mean": {
            "value": -0.3242815136909485,
            "min": -0.3242815136909485,
            "max": 0.3601934313774109,
            "count": 11
        },
        "ThreeAgent-1.Environment.CumulativeReward.mean": {
            "value": -0.5227154949041285,
            "min": -0.5227154949041285,
            "max": 0.39085599561963863,
            "count": 11
        },
        "ThreeAgent-1.Policy.ExtrinsicReward.mean": {
            "value": -0.5227154949041285,
            "min": -0.5227154949041285,
            "max": 0.39085599561963863,
            "count": 11
        },
        "ThreeAgent-1.Losses.ValueLoss.mean": {
            "value": 0.5137155652046204,
            "min": 0.5137155652046204,
            "max": 0.6915889978408813,
            "count": 10
        },
        "ThreeAgent-1.Losses.PolicyLoss.mean": {
            "value": 0.02188148722052574,
            "min": 0.02188148722052574,
            "max": 0.027870267629623413,
            "count": 10
        },
        "ThreeAgent-1.Policy.LearningRate.mean": {
            "value": 1.7295460565946996e-05,
            "min": 1.7295460565946996e-05,
            "max": 0.00028463563648983836,
            "count": 10
        },
        "ThreeAgent-1.Policy.Epsilon.mean": {
            "value": 0.10576512664556503,
            "min": 0.10576512664556503,
            "max": 0.19487854838371277,
            "count": 10
        },
        "ThreeAgent-1.Policy.Beta.mean": {
            "value": 0.00029767953674308956,
            "min": 0.00029767953674308956,
            "max": 0.004744439385831356,
            "count": 10
        },
        "ThreeAgent-1.IsTraining.mean": {
            "value": 0.0,
            "min": 0.0,
            "max": 1.0,
            "count": 11
        },
        "ThreeBehavior+1.Policy.Entropy.mean": {
            "value": 0.30882948637008667,
            "min": 0.30882948637008667,
            "max": 1.2803535461425781,
            "count": 10
        },
        "ThreeBehavior+1.Environment.EpisodeLength.mean": {
            "value": 3.0862209872507353,
            "min": 2.250975292587776,
            "max": 3.362882819998255,
            "count": 10
        },
        "ThreeBehavior+1.Policy.ExtrinsicValueEstimate.mean": {
            "value": 0.5659754276275635,
            "min": -0.29569005966186523,
            "max": 0.5659754276275635,
            "count": 10
        },
        "ThreeBehavior+1.Environment.CumulativeReward.mean": {
            "value": 0.5684047074207257,
            "min": -0.38562705495537813,
            "max": 0.5684047074207257,
            "count": 10
        },
        "ThreeBehavior+1.Policy.ExtrinsicReward.mean": {
            "value": 0.5684047074207257,
            "min": -0.38562705495537813,
            "max": 0.5684047074207257,
            "count": 10
        },
        "ThreeBehavior+1.Losses.ValueLoss.mean": {
            "value": 0.39024868607521057,
            "min": 0.39024868607521057,
            "max": 0.7487912178039551,
            "count": 10
        },
        "ThreeBehavior+1.Losses.PolicyLoss.mean": {
            "value": 0.022938305512070656,
            "min": 0.022938305512070656,
            "max": 0.029227469116449356,
            "count": 10
        },
        "ThreeBehavior+1.Policy.LearningRate.mean": {
            "value": 1.7296655641985126e-05,
            "min": 1.7296655641985126e-05,
            "max": 0.0002846344723366201,
            "count": 10
        },
        "ThreeBehavior+1.Policy.Epsilon.mean": {
            "value": 0.10576553642749786,
            "min": 0.10576553642749786,
            "max": 0.19487814605236053,
            "count": 10
        },
        "ThreeBehavior+1.Policy.Beta.mean": {
            "value": 0.0002976994146592915,
            "min": 0.0002976994146592915,
            "max": 0.004744419828057289,
            "count": 10
        },
        "ThreeBehavior+1.IsTraining.mean": {
            "value": 1.0,
            "min": 1.0,
            "max": 1.0,
            "count": 10
        }
    },
    "metadata": {
        "timer_format_version": "0.1.0",
        "start_time_seconds": "1595336130",
        "python_version": "3.8.4 (tags/v3.8.4:dfa645a, Jul 13 2020, 16:46:45) [MSC v.1924 64 bit (AMD64)]",
        "command_line_arguments": "C:\\python-envs\\mlagents-env\\Scripts\\mlagents-learn basic.yaml --run-id=ThreeVSThree1",
        "mlagents_version": "0.18.0",
        "mlagents_envs_version": "0.18.0",
        "communication_protocol_version": "1.0.0",
        "tensorflow_version": "2.2.0",
        "end_time_seconds": "1595348944"
    },
    "total": 12813.964724599999,
    "count": 1,
    "self": 1.1328333999990718,
    "children": {
        "run_training.setup": {
            "total": 0.017213000000000145,
            "count": 1,
            "self": 0.017213000000000145
        },
        "TrainerController.start_learning": {
            "total": 12812.8146782,
            "count": 1,
            "self": 491.11088399969594,
            "children": {
                "TrainerController._reset_env": {
                    "total": 5.2568023,
                    "count": 1,
                    "self": 5.2568023
                },
                "TrainerController.advance": {
                    "total": 12313.537887500303,
                    "count": 707122,
                    "self": 15.760502400036785,
                    "children": {
                        "env_step": {
                            "total": 12297.777385100266,
                            "count": 707122,
                            "self": 10782.211420300177,
                            "children": {
                                "SubprocessEnvManager._take_step": {
                                    "total": 1499.3115072001397,
                                    "count": 707122,
                                    "self": 63.22509259966,
                                    "children": {
                                        "NNPolicy.evaluate": {
                                            "total": 1436.0864146004797,
                                            "count": 1067067,
                                            "self": 1436.0864146004797
                                        }
                                    }
                                },
                                "workers": {
                                    "total": 16.254457599950108,
                                    "count": 707122,
                                    "self": 0.0,
                                    "children": {
                                        "worker_root": {
                                            "total": 12760.846181599933,
                                            "count": 707122,
                                            "is_parallel": true,
                                            "self": 3766.6898320001437,
                                            "children": {
                                                "steps_from_proto": {
                                                    "total": 0.0004671000000007197,
                                                    "count": 1,
                                                    "is_parallel": true,
                                                    "self": 0.00025220000000114595,