Steps,Policy/Entropy,Environment/Episode Length,Self-play/ELO,Policy/Extrinsic Value Estimate,Environment/Cumulative Reward,Policy/Extrinsic Reward,Losses/Value Loss,Losses/Policy Loss,Losses/Q1 Loss,Losses/Q2 Loss,Policy/Entropy Coeff,Policy/Learning Rate,Is Training
5180000,0.45874628,2.807117070654977,1375.6882117078317,0.30176148,0.30203818969939855,0.30203818969939855,0.018714756,-0.26651353,0.009233458,0.009264216,0.032529235,9.948238e-06,1.0
5200000,0.45566657,2.7980016966726367,1576.3506240659708,0.3027725,0.3015588910226892,0.3015588910226892,0.019232431,-0.26946172,0.00949344,0.009535154,0.032357823,9.948101e-06,1.0
